f_env,f_people,f_machine
0.0,0.29802849180673957,1.0
0.005141571982779475,0.16770788642589773,0.9995065603657316
0.010283019941676304,0.8859928971901251,0.9980267284282716
0.015424219857704088,1.650067019214171,0.99556196460308
0.02056504772166874,0.8230153233694291,0.9921147013144779
0.025705379539064148,1.035088330415438,0.9876883405951378
0.03084509133496727,2.3166219011618123,0.9822872507286887
0.03598405915893245,2.0014873230433237,0.9759167619387474
0.04112215908988478,1.4069712194430588,0.9685831611286311
0.046259267241012265,2.135190131083618,0.9602936856769431
0.051395259764656684,1.6240624169028297,0.9510565162951535
0.05653001285720289,1.6851366493152231,0.9408807689542255
0.06166340276396636,2.1412308197961636,0.9297764858882515
0.06679530578407877,0.8480853100618644,0.9177546256839811
0.07192559827537158,0.9296238019495577,0.9048270524660196
0.07705415665925716,1.5647405150457236,0.8910065241883679
0.08218085742560745,1.2019554327313848,0.8763066800438636
0.08730557713762996,1.8772042505611943,0.8607420270039436
0.09242819243674084,0.996212040238852,0.8443279255020151
0.09754858004743486,0.5217119910562028,0.8270805742745618
0.10266661678215214,2.0549597659378787,0.8090169943749475
0.10778217954614125,0.8280415679115091,0.7901550123756904
0.11289514534231902,0.7767660281821106,0.7705132427757893
0.11800539127612608,-0.3574691373983636,0.7501110696304596
0.12311279456037853,-0.07596316758650051,0.7289686274214116
0.12821723252011544,0.0665535538259199,0.7071067811865476
0.1333185825974418,-0.9412626135819901,0.6845471059286886
0.13841672235636693,-0.271960963322306,0.6613118653236519
0.143511529487638,-1.0966323193206389,0.6374239897486897
0.14860288181356868,-1.1385235980793968,0.6129070536529765
0.1536906572928623,-1.5365944719225835,0.5877852522924732
0.15877473402543013,-0.25772730115201425,0.5620833778521307
0.16385499025720351,-1.549124820394339,0.5358267949789965
0.16893130438494067,-2.3232824083775707,0.5090414157503712
0.17400355496102732,-1.3161271576701261,0.48175367410171516
0.17907162069827126,-2.6346192225729204,0.4539904997395468
0.18413538047469058,-1.8392563444545242,0.42577929156507266
0.1891947133382953,-3.1718555311844083,5.3971478906347805
0.19424949851186235,-2.7929650861956015,0.3681245526846781
0.1992996153977037,-1.8464577599359033,0.3387379202452915
0.20434494358242739,-1.459033084593061,0.30901699437494745
0.20938536284169107,-1.7068331362180575,0.2789911060392295
0.21442075314494846,-1.7580448204369743,0.24868988716485474
0.2194509946601878,-1.7216887029051524,0.2181432413965427
0.22447596775866258,-2.2562074060778343,0.18738131458572474
0.22949555301961463,-1.607477029621772,0.15643446504023092
0.23450963123498805,-1.2398906107793046,0.12533323356430448
0.2395180834141359,-0.10197576963800636,0.09410831331851428
0.24452079078851746,-0.29120880058863385,0.06279051952931353
0.24951763481638697,-1.3084905603462498,0.031410759078128396
0.2545084971874737,0.1944503816368765,6.123233995736766e-17
0.25949325982765237,0.019617098878818434,-0.03141075907812828
0.2644718049036048,0.09122657414613455,-0.0627905195293134
0.2694440148274712,1.1032548786738772,-0.09410831331851438
0.2744097722614933,1.5821070617010005,-0.12533323356430415
0.2793689601226457,1.734338576054665,-0.1564344650402308
0.2843214615872585,0.8655636979237942,-0.1873813145857246
0.28926716009562947,1.3554990600408487,-0.21814324139654234
0.29420593935662537,1.8874139098461686,-0.24868988716485485
0.2991376833522728,2.3949811812054542,-0.27899110603922916
0.30406227634233896,1.6146084898831323,-0.3090169943749471
0.30897960286890025,1.8531791154590869,-0.33873792024529137
0.3138895477609005,1.332252472452926,-0.36812455268467775
0.31879199613869824,1.2783294824081408,-0.3971478906347807
0.3236868334186012,2.452089994893896,-0.4257792915650727
0.32857394531739026,2.715857049732801,-0.45399049973954675
0.33345321785683135,1.7664480319838383,-0.48175367410171543
0.3383245373681745,2.2907755897392446,-0.5090414157503713
0.34318779049664205,1.7580081005801578,-0.5358267949789969
0.34804286420590314,0.9820223590943022,-0.5620833778521307
0.35288964578253634,1.3924078678899952,-0.587785252292473
0.3577280228404795,1.8863292880830107,-0.6129070536529766
0.36255788332546646,0.7147534819033851,-0.6374239897486897
0.36737911551945074,1.4361659678181147,-0.6613118653236517
0.3721916080450161,-1.3211805953252387,-0.6845471059286887
0.3769952498697734,0.493141502625135,-0.7071067811865475
0.38178993031074393,-0.19843822618570361,-0.7289686274214113
0.38657553903872915,-0.67678418460923,-0.7501110696304595
0.39135196608266626,-0.6811926394480531,-0.7705132427757891
0.3961191018339696,-2.1560486969639667,-0.7901550123756904
0.40087683705085764,-1.3073736372874527,-0.8090169943749473
0.40562506286266614,-1.154826668950328,-0.8270805742745616
0.41036367077414576,-0.6542900587066665,-0.8443279255020149
0.41509255266974543,-1.9996179819682196,-0.8607420270039438
0.4198116008178804,-2.294750266667952,-0.8763066800438636
0.4245207078751856,-2.2031672587410287,-0.8910065241883678
0.42921976689075325,-1.4153332308361324,-0.9048270524660194
0.4339086713103547,-1.7988027910607323,-0.9177546256839809
0.4385873149806478,-2.3139095791167663,-0.9297764858882513
0.443255592153367,-1.6566140415893635,-0.9408807689542255
0.4479133974894983,-1.8438665029814834,-0.9510565162951535
0.4525606260634379,-1.2284671106123066,-0.960293685676943
0.45719717336713456,-2.1098877073304436,-0.968583161128631
0.4618229353142151,-1.7376237735102404,-0.9759167619387473
0.466437808244094,-1.6043591037366716,-0.9822872507286887
0.4710416889260653,-2.053679473464218,-0.9876883405951377
0.47563447456337826,-0.785835181964687,-0.9921147013144778
0.4802160627972954,-0.5796159420614226,-0.99556196460308
0.48478635171113377,-0.49431170034423466,-0.9980267284282716
0.48934523983428807,-0.3914187471536962,-0.9995065603657316
0.4938926261462366,-0.8492224452302495,-1.0
0.4984284100805296,-0.00172072653060934,-0.9995065603657316
0.5029524915287594,0.2917510644136476,-0.9980267284282716
0.5074647708445124,0.254882743836383,-0.99556196460308
0.5119651488473027,0.8667359212038254,-0.9921147013144779
0.5164535268264883,1.4180010186736685,-0.9876883405951378
0.5209298065451672,2.5008057525836964,-0.9822872507286886
0.5253938902440562,1.6457731732506817,-0.9759167619387474
0.5298456806453502,1.8431860854376878,-0.9685831611286312
0.5342850809565622,1.7649865554723372,-0.9602936856769432
0.5387119948743448,0.750850303410882,-0.9510565162951536
0.5431263265882922,1.9486661761878474,-0.9408807689542255
0.5475279807847221,2.032191582821159,-0.9297764858882515
0.5519168626504394,3.473998724347715,-0.9177546256839813
0.5562928778764782,1.8491579225887045,-0.9048270524660197
0.5606559326618259,2.083041437990474,-0.8910065241883677
0.5650059337171258,1.7888270431088926,-0.8763066800438636
0.56934278826836,0.9874490284323112,-0.8607420270039436
0.5736664040605122,2.226720174260592,-0.8443279255020152
0.5779766893612096,1.8202540314694442,-0.827080574274562
0.5822735529643444,1.650189672810778,-0.8090169943749478
0.5865569041936742,0.4178748753265864,-0.7901550123756903
0.5908266529064025,1.5779256919310158,-0.7705132427757893
0.5950827094967364,-0.3437308633456571,-0.7501110696304597
0.5993249848994247,0.602780723408774,-0.7289686274214119
0.6035533905932737,1.3142733754859919,-0.7071067811865479
0.6077678386046427,-0.8449882622070224,-0.6845471059286886
0.6119682415109156,-0.8371584120913722,-0.6613118653236519
0.6161545124439535,-0.6764582863167726,-0.6374239897486895
0.6203265650935232,-1.2655927406731502,-0.6129070536529765
0.6244843137107057,-2.105968563224625,-0.5877852522924732
0.6286276731112801,-1.327956426973759,-0.5620833778521309
0.632756558679087,-2.178408713787243,-0.5358267949789963
0.6368708863693696,-1.404500392622922,-0.5090414157503711
0.6409705727120911,-2.361308645472321,-0.48175367410171527
0.6450555348152298,-0.9721523895797832,-0.4539904997395469
0.6491256903680519,-2.43452647685912,-0.42577929156507216
0.653180957644361,-2.189290366579949,-0.3971478906347803
0.657221255505724,-1.5079431264347414,-0.3681245526846778
0.661246503404675,-2.7030930913177507,-0.33873792024529137
0.6652566213878947,-1.7656370718278298,-0.30901699437494756
0.6692515300993669,-1.0253684523625834,-0.2789911060392296
0.6732311507835118,-2.653145791740765,-0.24868988716485443
0.677195405288294,-1.4302461704321952,-0.21814324139654237
0.6811442160683094,-1.2131645353083231,-0.18738131458572463
0.6850775061878451,-0.7064767815185612,-0.15643446504023104
0.6889951993239176,-1.7056777747302823,-0.1253332335643046
0.6928972197692855,-1.528523073219919,-0.09410831331851396
0.6967834924354382,-0.18421483495956964,-0.06279051952931321
0.7006539428555609,-0.07247566318869689,-0.0314107590781283
0.7045084971874738,0.15029571020752444,-1.8369701987210297e-16
0.708347082216547,0.458535392826791,0.03141075907812793
0.712169625358592,0.08936494138261092,0.06279051952931283
0.7159760546627262,0.8756013236659593,0.09410831331851449
0.7197662988142137,1.139350832182639,0.12533323356430423
0.7235402871372809,0.7469596537691243,0.15643446504023067
0.7272979495979063,2.4885589185442294,0.18738131458572427
0.7310392168065856,1.8253262380986481,0.218143241396542
0.7347640200210709,0.9738737526824417,0.24868988716485493
0.7384722911490845,2.2035862701123365,0.2789911060392292
0.7421639627510075,1.3173040304539136,0.30901699437494723
0.7458389680425416,2.436825263702848,0.33873792024529104
0.7494972408973459,2.6912108042609852,0.3681245526846774
0.7531387158496476,1.5036440658455172,0.39714789063477995
0.7567633280968261,2.542600179003972,0.4257792915650718
0.7603710135019718,2.1497815887522087,0.4539904997395458
0.7639617085964177,2.3028902009287315,0.4817536741017157
0.7675353505822451,2.826731640596397,0.5090414157503715
0.7710918773347628,1.3937936159498554,5.5358267949789965
0.77463122740496,0.9168525132428837,0.5620833778521306
0.7781533400219318,0.6418618468096337,0.5877852522924729
0.7816581550952781,0.47402117722417036,0.6129070536529762
0.7851456132174767,0.6899880797208977,0.6374239897486893
0.7886156556662276,0.7020709592197016,0.6613118653236513
0.7920682244067723,0.41668094672662725,0.684547105928688
0.795503262094184,0.4963099494216231,0.7071067811865468
0.7989207120756319,-0.24286533200186114,0.7289686274214112
0.8023205183926179,0.3747406719646781,0.7501110696304598
0.8057026257831855,-0.8950432053121306,0.7705132427757894
0.8090669796841015,0.6685941517503411,0.7901550123756903
0.8124135262330098,-0.8001700959259412,0.8090169943749473
0.8157422122705584,-1.8833887457071445,0.8270805742745616
0.8190529853424978,-2.183561984388243,0.8443279255020147
0.8223457937017513,-1.3991724018581158,0.8607420270039433
0.8256205863104588,-1.9437317761275463,0.8763066800438631
0.8288773128419905,-1.4737127361350515,0.8910065241883678
0.8321159236829352,-1.68063192671325,0.9048270524660194
0.8353363699350574,-2.039750804450667,0.9177546256839813
0.8385386034172291,-2.504129687697586,0.9297764858882515
0.8417225766673306,-2.873482836268896,0.9408807689542255
0.8448882429441258,-2.1700220038305202,0.9510565162951535
0.8480355562291055,-1.2958148283379571,0.960293685676943
0.851164471228306,-1.56019960452591,0.968583161128631
0.8542749433740962,-2.2884697527787754,0.9759167619387472
0.857366928826937,-1.2651856563466686,0.9822872507286887
0.8604403844771127,-0.9443800767476458,0.9876883405951377
0.8634952679464323,-1.4938218099241132,0.9921147013144778
0.8665315375899024,-0.6440140418020437,0.99556196460308
0.8695491524973722,-0.4624545432621088,0.9980267284282716
0.8725480724951473,-0.936448645826983,0.9995065603657316
0.8755282581475767,0.214672416208968,1.0
0.8784896707586094,0.5871371829495458,0.9995065603657316
0.8814322723733214,1.147210520234871,0.9980267284282716
0.8843560257794152,1.3685303365902985,0.99556196460308
0.887260894508688,0.1369057274291755,0.9921147013144779
0.8901468428384716,0.612875480635871,0.9876883405951378
0.8930138357930429,1.6781153721825706,0.9822872507286887
0.8958618391450048,1.8492980560989007,0.9759167619387475
0.898690819416637,1.9976844627876593,0.9685831611286311
0.9015007438812175,4.121292999324871,0.9602936856769431
0.9042915805643155,2.2446473390062067,0.9510565162951536
0.9070632982450529,2.645913885565736,0.9408807689542257
0.9098158664573369,2.5684545149524647,0.9297764858882513
0.9125492554910632,2.386888207640022,0.9177546256839811
0.9152634363932886,1.77541295467317,0.9048270524660196
0.9179583809693737,2.3574945648862684,0.891006524188368
0.9206340617840967,1.3459589762094974,0.8763066800438638
0.9232904521627361,1.5465646869600276,0.860742027003944
0.9259275261921234,1.2498083568541205,0.8443279255020155
0.928545258721667,1.4182186954891713,0.8270805742745618
0.9311436253643444,2.5643656445890533,0.8090169943749476
0.9337226024976648,-0.15685176735162132,0.7901550123756901
0.9362821672646027,1.148005219594062,0.770513242775789
0.9388222975744991,-0.47024974838408207,0.7501110696304595
0.941342972103934,-0.03249265234505083,0.7289686274214116
0.9438441702975688,0.6533703581804219,0.7071067811865477
0.946325872368957,-0.21209845567132724,0.684547105928689
0.9487880593013255,-1.1440266410872884,0.6613118653236524
0.9512307128483256,-1.1654313309253308,0.6374239897486903
0.9536538155347534,-0.5557486988426181,0.6129070536529773
0.956057350657239,-1.6137904836152321,0.5877852522924727
0.9584413022849069,-1.239219058108195,0.5620833778521303
0.9608056552600042,-1.5136833816092914,0.5358267949789964
0.9631503951984994,-2.0796160595675204,0.5090414157503712
0.9654755084906501,-0.5232876513368434,0.4817536741017154
0.96778098230154,-1.5217616191994996,0.453990499739547
0.9700668045715863,-3.179660053451941,0.42577929156507305
0.972332964017015,-1.8841808679948864,0.39714789063478123
0.974579450130307,-2.3931253357175764,0.36812455268467875
0.9768062531806126,-1.4531145005796444,0.3387379202452923
0.9790133642141358,-2.3776254756499307,0.30901699437494856
0.9812007750544876,-1.878495969812177,0.27899110603922883
0.9833684783030088,-1.3856634836157546,0.24868988716485457
0.9855164673390624,-1.0215733690495055,0.2181432413965425
0.9876447363202946,-2.0892720560908438,0.18738131458572474
0.9897532801828658,-1.3762712460895172,0.15643446504023117
0.99184209464165,-1.2484745349000075,0.12533323356430473
0.9939111761904045,-1.128246644913588,0.09410831331851498
0.9959605221019081,0.561892769838942,0.0627905195293142
0.9979901304280685,-0.007677440552043252,0.03141075907812931
1.0,-0.7565303726010366,1.1943401194869635e-15
1.0019901304280685,0.8013836353614774,-0.031410759078128694
1.0039605221019081,1.7706734925372911,-0.0627905195293136
1.0059111761904045,1.3557282617000443,-0.09410831331851437
1.00784209464165,0.05188536863102167,-0.12533323356430412
1.0097532801828657,0.8850300608651993,-0.15643446504023142
1.0116447363202945,2.129240901369353,-0.18738131458572502
1.0135164673390624,1.1164248061803113,-0.21814324139654276
1.0153684783030088,1.9549475078917675,-0.24868988716485482
1.0172007750544876,2.2744345369896406,-0.2789911060392291
1.019013364214136,1.3459547496434565,-0.3090169943749471
1.0208062531806126,1.9288592878202966,-0.3387379202452909
1.022579450130307,0.051293052815099216,-0.3681245526846773
1.024332964017015,1.3814208720559686,-0.39714789063478145
1.0260668045715864,1.8130336106214802,-0.4257792915650733
1.02778098230154,1.153443123411396,-0.4539904997395473
1.0294755084906502,2.789100887291019,-0.4817536741017156
1.0311503951984995,0.8305710242276497,-0.5090414157503714
1.0328056552600042,1.276999793533388,-0.5358267949789967
1.0344413022849068,1.447538558229033,-0.5620833778521305
1.036057350657239,2.0403344780246178,-0.5877852522924729
1.0376538155347532,0.1019900574957705,-0.612907053652976
1.0392307128483256,1.4341473566623235,-0.6374239897486905
1.0407880593013255,0.5035196109414548,-0.6613118653236526
1.042325872368957,-0.33823872350016787,-0.6845471059286892
1.043844170297569,0.27726208455795803,-0.7071067811865479
1.045342972103934,-0.13123064978452945,-0.7289686274214118
1.046822297574499,-0.8575099006249879,-0.7501110696304597
1.0482821672646028,-0.6943678543753448,-0.7705132427757893
1.049722602497665,-1.1946955063204856,-0.7901550123756903
1.0511436253643445,-1.1074600974341953,-0.8090169943749472
1.052545258721667,-0.9718158071447464,-0.8270805742745615
1.0539275261921235,-0.5894163958643638,-0.8443279255020147
1.055290452162736,-2.4313451503001433,-0.8607420270039441
1.0566340617840968,-0.5298340801382817,-0.8763066800438639
1.0579583809693738,-3.0733657123038096,-0.8910065241883681
1.0592634363932887,-2.055645558478728,-0.9048270524660197
1.0605492554910634,-1.6430631329657972,-0.9177546256839813
1.0618158664573372,-1.8274583362155234,-0.9297764858882515
1.0630632982450527,-2.338194213349734,-0.9408807689542255
1.0642915805643156,-2.0269863828046732,-0.9510565162951534
1.0655007438812176,-2.1054546657273407,-0.960293685676943
1.066690819416637,-2.04227470517056,-0.968583161128631
1.0678618391450048,-1.0312652273389682,-0.9759167619387472
1.0690138357930428,-1.1548849202783449,-0.9822872507286888
1.0701468428384715,-1.5913162617413352,-0.9876883405951378
1.0712608945086879,-0.42374742294347767,-0.9921147013144779
1.0723560257794151,-0.551869392843389,-0.99556196460308
1.0734322723733214,-0.009662503026333591,-0.9980267284282716
1.0744896707586093,0.1271108380255574,-0.9995065603657316
1.075528258147577,-0.4973970065532463,-1.0
1.0765480724951473,-0.08544215698957758,-0.9995065603657316
1.0775491524973722,0.945755937403661,-0.9980267284282716
1.0785315375899025,1.1024712646294281,-0.9955619646030801
1.0794952679464322,0.9509663918249341,-0.992114701314478
1.0804403844771127,1.245966934570219,-0.9876883405951377
1.081366928826937,2.135693149330434,-0.9822872507286886
1.0822749433740961,1.1860836522500813,-0.9759167619387473
1.0831644712283062,2.016914279706053,-0.9685831611286311
1.0840355562291055,1.688338513471702,-0.9602936856769432
1.0848882429441258,1.771504310653974,-0.9510565162951536
1.0857225766673306,2.6238406126496905,-0.9408807689542257
1.086538603417229,2.4913032662493606,-0.9297764858882517
1.0873363699350573,2.4841592384569267,-0.9177546256839815
1.0881159236829352,2.7478617857499765,-0.90482705246602
1.0888773128419906,1.9147153375699615,-0.8910065241883677
1.0896205863104589,2.2188258877090163,-0.8763066800438635
1.0903457937017516,1.5024957970479558,-0.8607420270039435
1.0910529853424977,1.735526297044644,-0.8443279255020151
1.0917422122705585,1.291008379236768,-0.8270805742745619
1.0924135262330097,1.2337680835805795,-0.8090169943749477
1.0930669796841015,1.3206015634655828,-0.7901550123756907
1.0937026257831857,0.24531669542927803,-0.7705132427757897
1.094320518392618,1.7528121397409928,-0.7501110696304601
1.094920712075632,-0.3529439617712039,-0.7289686274214123
1.095503262094184,-0.728513167672629,-0.7071067811865485
1.0960682244067723,0.4442000569714438,-0.6845471059286897
1.0966156556662277,-0.02238215795194909,-0.6613118653236518
1.0971456132174768,-0.36177721513804934,-0.6374239897486911
1.0976581550952782,-0.586500042644861,-0.6129070536529767
1.0981533400219319,-1.1829185682930807,-0.5877852522924749
1.09863122740496,-1.9074468347488729,-0.562083377852131
1.0990918773347627,-1.4955437506353477,-0.5358267949789958
1.0995353505822452,-2.094952877911293,-0.5090414157503721
1.0999617085964177,-1.2245822648813907,-0.4817536741017147
1.100371013501972,-1.990347461491587,-0.45399049973954797
1.100763328096826,-2.459872819532885,-0.4257792915650724
1.1011387158496477,-2.188884961848338,-0.3971478906347821
1.1014972408973458,-1.7482945842911686,-0.36812455268467803
1.1018389680425418,-2.302809233139765,-0.33873792024529326
1.1021639627510076,-2.395445269930167,-0.30901699437494784
1.1024722911490845,-1.6634417780368997,-0.27899110603923155
1.1027640200210709,-1.5416759083387999,-0.24868988716485554
1.1030392168065857,-1.845192390774252,-0.21814324139654176
1.1032979495979065,-1.6517171952283776,-0.18738131458572574
1.1035402871372808,-1.0363405421703613,-0.1564344650402304
1.1037662988142138,-1.8323579531018355,-0.12533323356430573
1.1039760546627262,-1.5807273699952882,-0.09410831331851421
1.1041696253585922,-0.9284463070811855,-0.06279051952931522
1.104347082216547,-0.3787347581557188,-0.03141075907812854
1.104508497187474,0.1865445393587851,-2.2049832191018243e-15
1.104653942855561,1.1358801972983348,0.03141075907812769
1.1047834924354385,1.011975548250915,0.0627905195293126
1.1048972197692855,0.6402859873912925,0.09410831331851335
1.1049951993239175,0.9520976234618217,0.12533323356430487
1.1050775061878453,0.5740528858022523,0.15643446504022956
1.1051442160683094,1.3579863302619448,0.1873813145857249
1.1051954052882942,1.3678313021994868,0.2181432413965409
1.1052311507835118,1.8822869872068835,0.2486898871648547
1.1052515300993668,1.3133155388006383,0.2789911060392273
1.1052566213878947,2.2137209411350094,0.309016994374947
1.105246503404675,2.8842178492589228,0.3387379202452908
1.105221255505724,1.9307973677824282,0.3681245526846772
1.105180957644361,2.2370804901159076,0.39714789063478134
1.105125690368052,2.3786608964840465,0.4257792915650716
1.1050555348152296,1.6613807494588042,0.4539904997395472
1.104970572712091,1.9441095940182942,0.48175367410171394
1.1048708863693697,1.6962112914731067,0.5090414157503713
1.104756558679087,1.599632144680887,0.535826794978995
1.1046276731112799,0.9052883415440989,0.5620833778521304
1.1044843137107059,1.1902766091403147,0.5877852522924728
1.1043265650935232,1.2623063229507048,0.612907053652976
1.1041545124439536,1.606935270046387,0.6374239897486891
1.1039682415109158,1.0729422699808413,0.6613118653236512
1.1037678386046426,1.5425759416355374,0.6845471059286891
1.1035533905932737,-0.4604085377328189,0.7071067811865466
1.1033249848994247,0.27272591490379644,0.7289686274214117
1.1030827094967364,-0.38737457088668537,0.7501110696304584
1.1028266529064026,0.5776326545612482,0.7705132427757891
1.1025569041936745,-1.4484863194165194,0.7901550123756902
1.1022735529643444,-1.6794036098934089,0.8090169943749471
1.1019766893612097,-1.7287297991237867,0.8270805742745615
1.1016664040605124,-2.8153639201374583,0.8443279255020146
1.1013427882683602,-2.0041088640124824,0.8607420270039431
1.1010059337171259,-2.2651337018642534,0.876306680043863
1.100655932661826,-1.8118767607045836,0.891006524188368
1.1002928778764782,-1.7595209159910794,0.9048270524660189
1.0999168626504394,-0.8703509533270115,0.9177546256839811
1.0995279807847222,-1.4257991539449129,0.9297764858882513
1.099126326588292,-2.3107166948548197,0.9408807689542253
1.098711994874345,-2.441161835399323,0.9510565162951534
1.0982850809565623,-1.514502602028138,0.9602936856769428
1.0978456806453503,-2.480795775216419,0.968583161128631
1.0973938902440563,-0.4421512260389715,0.9759167619387472
1.0969298065451674,-0.6614301394246122,0.9822872507286885
1.0964535268264881,-1.457075895847778,0.9876883405951375
1.0959651488473026,-1.9913880656579552,0.9921147013144779
1.0954647708445124,0.07607431912989204,0.99556196460308
1.0949524915287594,-0.5661036814812813,0.9980267284282716
1.0944284100805297,0.4920233200554661,0.9995065603657316
1.0938926261462367,-0.956656595276624,1.0
1.0933452398342882,-0.1089585466436605,0.9995065603657316
1.0927863517111338,0.5005259941606128,0.9980267284282717
1.0922160627972957,0.7644374616281935,0.9955619646030801
1.0916344745633784,0.6934680653158759,0.992114701314478
1.0910416889260655,1.5492804639934366,0.987688340595138
1.0904378082440942,0.728521954227822,0.9822872507286886
1.089822935314215,1.4555987945388027,0.9759167619387474
1.0891971733671346,1.7608332300311689,0.9685831611286312
1.088560626063438,2.1183174053672875,0.9602936856769432
1.0879133974894983,2.3290819594436396,0.9510565162951538
1.087255592153367,1.2897892463546548,0.9408807689542257
1.086587314980648,1.0755849544151692,0.9297764858882517
1.0859086713103547,2.762659549995649,0.9177546256839816
1.0852197668907535,2.1639629086451344,0.90482705246602
1.0845207078751857,1.453021110656374,0.8910065241883677
1.0838116008178804,2.740345290245552,0.8763066800438635
1.0830925526697455,1.7580606315797453,0.8607420270039436
1.0823636707741457,2.248604795989875,0.8443279255020152
1.081625062862666,1.4096053007034446,0.827080574274562
1.0808768370508575,2.4120192595141416,0.8090169943749478
1.0801191018339698,2.0167118536693582,0.7901550123756909
1.0793519660826663,0.5868706162819183,0.7705132427757898
1.0785755390387293,1.080322344902331,0.7501110696304603
1.0777899303107439,0.6378920368796926,0.7289686274214111
1.0769952498697735,0.8211789345194205,0.7071067811865486
1.0761916080450162,-0.8296205434766726,0.6845471059286885
1.0753791155194508,-0.08574889833064608,0.6613118653236518
1.0745578833254665,-0.10119441325960199,0.6374239897486899
1.0737280228404793,-2.0187510400572966,0.6129070536529768
1.0728896457825363,-1.8855256121844077,0.5877852522924736
1.072042864205903,-2.5926335185134333,5.562083377852131
1.071187790496642,-1.7026705862183087,0.5358267949789973
1.0703245373681747,-1.258130497526456,0.5090414157503707
1.0694532178568315,-0.9082398736744182,0.4817536741017164
1.0685739453173904,-1.8576561643384428,0.45399049973954647
1.0676868334186014,-0.9874051741145999,0.4257792915650741
1.0667919961386982,-2.824114331785478,0.3971478906347806
1.0658895477609005,-3.0180829204696358,0.36812455268467814
1.0649796028689003,-1.9979031207953493,0.3387379202452917
1.0640622763423389,-1.671673763226724,0.30901699437494795
1.063137683352273,-1.8292709537884975,0.27899110603922994
1.0622059393566254,-2.9291211110279525,0.24868988716485393
1.0612671600956296,-1.594498509259257,0.2181432413965436
1.0603214615872585,-2.151775912160286,0.18738131458572413
1.059368960122646,-0.7737669752869325,0.15643446504023228
1.0584097722614934,-0.7435484005453205,0.1253332335643041
1.0574440148274713,-1.3001769771657825,0.0941083133185161
1.0564718049036048,-0.8056999247317271,0.06279051952931357
1.0554932598276523,-0.8861945802619824,0.03141075907812867
1.0545084971874739,-0.03760745836390753,5.51091059616309e-16
1.053517634816387,0.8237518594293598,-0.03141075907812934
1.0525207907885175,-0.09405585347162365,-0.06279051952931247
1.051518083414136,1.0386770146800677,-0.094108313318515
1.0505096312349882,0.6453527771799572,-0.12533323356430298
1.0494955530196146,0.699846805227542,-0.1564344650402312
1.0484759677586628,1.3048759958846332,-0.18738131458572305
1.047450994660188,0.9198810920999538,-0.21814324139654254
1.0464207531449485,1.3564662677957124,-0.24868988716485288
1.0453853628416911,1.0909273693787287,-0.2789911060392289
1.0443449435824275,3.0809481123401437,-0.30901699437494856
1.0432996153977037,1.9857326326404134,-0.3387379202452907
1.0422494985118624,1.5762181520609921,-0.36812455268467875
1.0411947133382955,2.124441403297077,-0.3971478906347796
1.0401353804746905,1.8971776716428788,-0.4257792915650731
1.0390716206982715,1.7695312728703771,-0.45399049973954547
1.0380035549610274,2.178154124958094,-0.4817536741017154
1.0369313043849409,2.143160477032421,-0.5090414157503698
1.0358549902572036,1.2227257969852632,-0.5358267949789964
1.0347747340254303,1.023603267470582,-0.5620833778521288
1.0336906572928624,1.0105394862939636,-0.5877852522924727
1.0326028818135686,-0.4176453506379276,-0.6129070536529773
1.0315115294876382,-0.1728655319497685,-0.637423989748689
1.030416722356367,1.3175043347964193,-0.6613118653236524
1.029318582597442,1.2376470952293888,-0.6845471059286877
1.0282172325201155,-0.14942162373382942,-0.7071067811865477
1.0271127945603786,0.09526771070486445,-0.7289686274214104
1.0260053912761262,-0.3106296816035875,-0.7501110696304595
1.0248951453423194,1.1110793797038017,-0.7705132427757879
1.0237821795461413,-0.2917624013426816,-0.7901550123756901
1.0226666167821523,-1.252321059473391,-0.809016994374946
1.0215485800474349,-1.9424184762176282,-0.8270805742745614
1.0204281924367407,-2.5048942777061263,-0.8443279255020155
1.01930557713763,-1.5665776694836915,-0.8607420270039431
1.0181808574256075,-2.2634645521026227,-0.8763066800438638
1.0170541566592572,-2.755465258348908,-0.8910065241883672
1.0159255982753717,-2.3525182320028932,-0.9048270524660196
1.0147953057840788,-2.6449822590251792,-0.9177546256839804
1.0136634027639664,-0.9837684758130045,-0.9297764858882513
1.012530012857203,-1.4355906472877102,-0.9408807689542247
1.0113952597646567,-1.906896617380279,-0.9510565162951534
1.010259267241012,-0.9216876215980201,-0.9602936856769434
1.009122159089885,-1.6422348664154633,-0.9685831611286309
1.0079840591589324,-2.057797006348533,-0.9759167619387475
1.0068450913349674,-0.45521976549559073,-0.9822872507286884
1.005705379539064,-0.8522244783741493,-0.9876883405951378
1.004565047721669,-1.5858550407993162,-0.9921147013144777
1.003424219857704,-0.8504523122195214,-0.99556196460308
1.0022830199416763,-1.0227507263605795,-0.9980267284282714
1.0011415719827796,-1.0803463057072136,-0.9995065603657315
1.0,0.5557065285189657,-1.0
0.9988584280172206,1.3963164514106805,-0.9995065603657316
0.9977169800583237,-0.34176076996176885,-0.9980267284282716
0.9965757801422959,1.0740306473836898,-0.9955619646030801
0.9954349522783312,0.5731218067303374,-0.9921147013144778
0.994294620460936,0.8832952743261189,-0.987688340595138
0.9931549086650326,1.0136578573140564,-0.9822872507286886
0.9920159408410677,1.0226320237436792,-0.9759167619387478
0.9908778409101153,1.7177688277709253,-0.9685831611286312
0.9897407327589878,1.311084035085409,-0.9602936856769437
0.9886047402353434,2.0643871280582133,-0.9510565162951532
0.9874699871427973,1.934431635787894,-0.9408807689542258
0.9863365972360336,1.8526846287366978,-0.9297764858882511
0.9852046942159212,1.4515152596315852,-0.9177546256839816
0.9840744017246286,1.6185117031163772,-0.9048270524660194
0.9829458433407428,2.3553477680857644,-0.8910065241883686
0.9818191425743926,2.110204417506667,-0.8763066800438636
0.9806944228623702,1.1021227041248924,-0.8607420270039428
0.9795718075632592,1.6006258688091153,-0.8443279255020152
0.9784514199525651,1.8199264858804431,-0.827080574274561
0.9773333832178481,0.17392733591212717,-0.8090169943749478
0.9762178204538587,1.2895234636313848,-0.7901550123756897
0.9751048546576812,0.33867485000185527,-0.7705132427757898
0.9739946087238741,0.8397389754856005,-0.7501110696304591
0.9728872054396214,-0.20728902679689087,-0.7289686274214124
0.9717827674798847,-1.0829292603987133,-0.7071067811865474
0.9706814174025583,-1.2271919298585208,-0.6845471059286873
0.9695832776436332,-0.4685288063328795,-0.6613118653236519
0.968488470512362,-0.5804156043364779,-0.6374239897486885
0.9673971181864316,-1.5060973232660724,-0.6129070536529768
0.9663093427071376,-0.7924150293185293,-0.5877852522924722
0.96522526597457,-2.3660062492187484,-0.5620833778521312
0.9641450097427966,-1.5806743647399724,-0.535826794978996
0.9630686956150595,-2.415265570861499,-0.5090414157503723
0.9619964450389727,-2.2007557696133357,-0.48175367410171493
0.9609283793017288,-1.8736738298004638,-0.453990499739545
0.9598646195253094,-2.4808225206277488,-0.4257792915650726
0.9588052866617047,-2.2267867833944393,-0.3971478906347791
0.9577505014881379,-1.3922777713278789,-0.36812455268467825
0.9567003846022962,-2.3107096231712645,-0.33873792024529015
0.9556550564175728,-1.4006977653512238,-0.30901699437494806
0.9546146371583091,-2.487478217726607,-0.27899110603922833
0.9535792468550517,-1.3707733442548649,-0.24868988716485577
0.9525490053398123,-0.6760853131568352,-0.21814324139654198
0.9515240322413374,-2.8520809119337382,-0.1873813145857225
0.9505044469803854,-1.653707657867231,-0.15643446504023065
0.949490368765012,-0.6172640718950937,-0.12533323356430245
0.9484819165858643,-0.8580763369951525,-0.09410831331851445
0.9474792092114825,-0.27469225030691297,-0.06279051952931192
0.9464823651836132,-0.6130575791581048,-0.03141075907812879
0.9454915028125265,0.05195387248374877,1.1028010998692062e-15
0.9445067401723477,0.15726012589335406,0.03141075907812744
0.9435281950963954,1.1980490113255997,0.06279051952931412
0.942555985172529,0.8889016113500748,0.09410831331851312
0.9415902277385068,1.1660689454485547,0.12533323356430462
0.9406310398773543,0.9284443249114788,0.15643446504023284
0.9396785384127417,1.0765304774138813,0.18738131458572466
0.9387328399043705,1.2814915728598142,0.21814324139654415
0.9377940606433748,1.925327136431007,0.24868988716485446
0.9368623166477273,1.5570634164398856,0.2789911060392305
0.9359377236576611,2.075977946728153,0.3090169943749468
0.9350203971310999,3.209814980644642,0.33873792024529226
0.9341104522390997,2.518728278915558,0.368124552684677
0.9332080038613018,1.8004393375558383,0.3971478906347811
0.9323131665813991,2.6853028547557463,0.4257792915650714
0.9314260546826099,1.6572678087773758,0.45399049973954697
0.9305467821431687,0.5867793838253206,0.4817536741017168
0.9296754626318257,1.0838040644535885,0.5090414157503712
0.9288122095033581,0.41855133293605773,0.5358267949789979
0.927957135794097,1.1581861214325953,0.5620833778521301
0.9271103542174638,1.1866215320986702,0.587785252292474
0.9262719771595208,1.9693697355686062,0.6129070536529758
0.9254421166745336,0.9324055296278481,0.6374239897486903
0.9246208844805495,0.3659194570444006,0.6613118653236509
0.9238083919549841,0.7483098158386992,0.684547105928689
0.9230047501302268,-1.3266811854047185,0.7071067811865464
0.9222100696892562,-0.10929773226346895,0.7289686274214116
0.9214244609612707,-0.0348606579975419,0.7501110696304606
0.9206480339173336,-1.6234008528372583,0.770513242775789
0.9198808981660304,-0.27725492227928183,0.7901550123756912
0.9191231629491424,-0.9724726600882931,0.809016994374947
0.9183749371373338,-1.6182669601978632,0.8270805742745623
0.9176363292258543,-1.161357365887802,0.8443279255020145
0.9169074473302545,-0.3262401363213949,0.8607420270039439
0.9161883991821196,-1.7005343518969371,0.8763066800438629
0.9154792921248143,-1.7531806808101058,0.8910065241883679
0.9147802331092469,-2.240191041181521,0.9048270524660188
0.9140913286896452,-2.505960078535418,0.917754625683981
0.913412685019352,-1.497851966929995,0.9297764858882519
0.912744407846633,-2.4782247970026985,0.9408807689542253
0.9120866025105016,-1.859173290258669,0.9510565162951539
0.911439373936562,-2.096248572991112,0.9602936856769428
0.9108028266328654,-1.4012679555561922,0.9685831611286313
0.9101770646857849,-1.340829222379416,0.9759167619387471
0.909562191755906,-0.7465702453026357,0.9822872507286887
0.9089583110739348,-1.481580343897805,0.9876883405951374
0.9083655254366216,-1.1254323093794534,0.9921147013144779
0.9077839372027046,-1.3235073348387552,0.9955619646030798
0.9072136482888662,-0.7639557303753794,0.9980267284282716
0.9066547601657118,-0.024286171301687504,0.9995065603657316
0.9061073738537635,0.4541931699872052,1.0
0.9055715899194704,-0.30263272737795993,0.9995065603657315
0.9050475084712406,1.0191433263930971,0.9980267284282717
0.9045352291554876,1.5496318206523303,0.99556196460308
0.9040348511526974,1.211568290137641,0.992114701314478
0.9035464731735117,2.3016479921197868,0.9876883405951377
0.9030701934548329,0.904820692395223,0.982287250728689
0.9026061097559438,0.7942336635647272,0.9759167619387474
0.9021543193546497,0.6214237016614537,0.9685831611286316
0.9017149190434377,2.707280691825547,0.9602936856769432
0.9012880051256551,2.2947324264027444,0.9510565162951533
0.9008736734117078,1.931223698911103,0.9408807689542258
0.9004720192152778,2.164034632648436,0.9297764858882511
0.9000831373495608,1.320760028477518,0.9177546256839817
0.8997071221235218,3.4320256892274728,0.9048270524660194
0.8993440673381741,1.9796457417754478,0.8910065241883686
0.8989940662828743,1.8752909816949748,5.8763066800438635
0.89865721173164,2.124115825343254,0.8607420270039446
0.8983335959394878,1.8296320245936084,0.8443279255020153
0.8980233106387905,1.5034246264248492,0.8270805742745612
0.8977264470356556,0.701285831317764,0.8090169943749479
0.8974430958063258,1.246388362485022,0.7901550123756899
0.8971733470935976,1.8654638032543844,0.7705132427757899
0.8969172905032636,1.3046318020226924,0.7501110696304593
0.8966750151005755,1.2065784431122584,0.7289686274214126
0.8964466094067263,-0.30672940585871206,0.7071067811865475
0.8962321613953574,-0.8444293592837425,0.68454710592869
0.8960317584890845,-0.5728519263894967,0.661311865323652
0.8958454875560466,-0.7028141579961229,0.6374239897486914
0.8956734349064767,-0.30699243712085733,0.6129070536529769
0.8955156862892942,-2.1910492824138443,0.5877852522924724
0.8953723268887201,-0.4513640201810035,0.5620833778521314
0.8952434413209129,-1.6358312246989755,0.5358267949789961
0.8951291136306305,-1.9447844929724767,0.5090414157503724
0.8950294272879089,-2.4169167300881407,0.48175367410171505
0.8949444651847702,-2.8950270357097647,0.4539904997395483
0.8948743096319481,-1.4706721510802285,0.4257792915650727
0.8948190423556392,-1.9520626765434996,0.39714789063478245
0.8947787444942761,-2.770029996701176,0.36812455268467836
0.8947534965953252,-2.7416217646955507,0.33873792024529364
0.8947433786121053,-2.103583852164386,0.3090169943749482
0.8947484699006332,-0.8082411897584005,0.27899110603922844
0.8947688492164885,-1.8444106618221978,0.2486898871648559
0.894804594711706,-2.4429122574224396,0.21814324139654212
0.8948557839316907,-1.5165400503089528,0.1873813145857261
0.8949224938121548,-1.3392046464335479,0.15643446504023079
0.8950048006760825,-2.5816393339683863,0.1253332335643061
0.8951027802307145,-0.7688260252800452,0.09410831331851457
0.8952165075645618,-0.6359404924549334,0.06279051952931558
0.8953460571444389,0.1670573517594376,0.03141075907812891
0.8954915028125263,1.1093736569671864,2.57237725884603e-15
0.8956529177834532,0.9266054848572551,-0.03141075907812732
0.895830374641408,0.33604655999678856,-0.06279051952931045
0.8960239453372738,0.0723335601243702,-0.09410831331851653
0.8962337011857864,2.5075232301533488,-0.1253332335643045
0.8964597128627192,1.2111015649936283,-0.1564344650402292
0.8967020504020939,1.377451787005124,-0.18738131458572105
0.8969607831934145,1.526551433285584,-0.218143241396544
0.8972359799789291,1.807506707464741,4.751310112835146
0.8975277088509155,1.7230378577776655,-0.27899110603922694
0.8978360372489926,1.5579158284621546,-0.3090169943749433
0.8981610319574584,1.6364591367131434,-0.33873792024529215
0.8985027591026542,1.9764014947269435,-0.36812455268467686
0.8988612841503527,1.6699985941762856,-0.39714789063477773
0.8992366719031738,1.5368670318510758,-0.4257792915650745
0.8996289864980282,1.9659711692054451,-0.45399049973954686
0.9000382914035825,1.6566677744795322,-0.4817536741017136
0.9004646494177553,2.5910516441536595,-0.509041415750368
0.9009081226652373,-0.04955539948423526,-0.5358267949789978
0.9013687725950401,2.023998323010858,-0.56208337785213
0.9018466599780683,1.9232216200835406,-0.587785252292471
0.902341844904722,-0.2805267912414273,-0.6129070536529729
0.9028543867825234,0.5306365489211422,-0.6374239897486902
0.9033843443337726,0.27451525473224525,-0.6613118653236508
0.9039317755932279,-0.593840549702058,-0.6845471059286863
0.9044967379058162,-0.46669001255453985,-0.7071067811865488
0.9050792879243681,-0.9170119744081049,-0.7289686274214114
0.9056794816073821,0.55398249172448,-0.7501110696304581
0.9062973742168147,-0.17484206948084935,-0.7705132427757867
0.9069330203158987,-0.20057429120694314,-0.7901550123756911
0.9075864737669904,-0.7425672661589999,-0.8090169943749469
0.9082577877294418,-2.0465252745876983,-0.8270805742745603
0.9089470146575023,-1.8557386453194185,-0.8443279255020125
0.9096542062982487,-1.395031114267281,-0.8607420270039439
0.9103794136895413,-2.542930790267201,-0.8763066800438628
0.9111226871580096,-1.4743139744868656,-0.8910065241883662
0.9118840763170649,-2.108769740352261,-0.9048270524660202
0.9126636300649428,-2.2209459413863013,-0.917754625683981
0.9134613965827711,-1.5694774759344494,-0.9297764858882506
0.9142774233326696,-1.6980165145657597,-0.940880768954224
0.9151117570558744,-2.118692732081753,-0.9510565162951539
0.9159644437708947,-1.1140562229134936,-0.9602936856769427
0.9168355287716943,-2.3372938475639815,-0.9685831611286304
0.9177250566259041,-1.1714651213850273,-0.9759167619387471
0.918633071173063,-1.013233457076346,-0.9822872507286887
0.9195596155228873,-1.3612983681733517,-0.9876883405951374
0.920504732053568,-0.7678275348581856,-0.9921147013144773
0.9214684624100977,-1.4869172512005269,-0.9955619646030801
0.9224508475026281,0.057036437194427136,-0.9980267284282716
0.9234519275048529,-0.3616077489944214,-0.9995065603657315
0.9244717418524233,-0.313633812311459,-1.0
0.9255103292413907,0.8800720026307478,-0.9995065603657315
0.9265677276266786,0.07477356000404461,-0.9980267284282717
0.927643974220585,-0.10882767244880343,-0.9955619646030803
0.9287391054913121,0.02952984408907733,-0.992114701314478
0.9298531571615285,1.5391764753923303,-0.9876883405951378
0.930986164206957,0.6008366003595963,-0.982287250728689
0.9321381608549951,2.5939029947421774,-0.9759167619387482
0.9333091805833629,0.4394982062738024,-0.9685831611286309
0.9344992561187824,2.8275279259060593,-0.9602936856769433
0.9357084194356844,2.0287235129118715,-0.9510565162951544
0.9369367017549471,1.9065466343351405,-0.9408807689542258
0.9381841335426628,1.6691020047711735,-0.9297764858882512
0.9394507445089366,2.2355351254677864,-0.9177546256839817
0.9407365636067113,1.9419936800024733,-0.9048270524660209
0.9420416190306262,2.5640941618002153,-0.891006524188367
0.9433659382159032,1.8781906941292634,-0.8763066800438637
0.944709547837264,1.7788369078811659,-0.8607420270039448
0.9460724738078765,1.3228591582232856,-0.8443279255020173
0.9474547412783328,1.3349268376247305,-0.8270805742745613
0.9488563746356555,1.3602515659201875,-0.8090169943749479
0.9502773975023351,-0.06259368739052484,-0.7901550123756921
0.9517178327353973,-0.07266214789406267,-0.77051324277579
0.953177702425501,0.9433382307433358,-0.7501110696304593
0.9546570278960659,0.3531857300053863,-0.7289686274214127
0.9561558297024311,-0.11039000181157906,-0.70710678118655
0.957674127631043,-0.23960610728938528,-0.6845471059286875
0.9592119406986745,-0.2888307511127042,-0.6613118653236522
0.9607692871516744,-1.0601049135549556,-0.6374239897486915
0.9623461844652468,-1.4304901834448132,-0.612907053652977
0.963942649342761,-1.0580633515263431,-0.5877852522924725
0.9655586977150932,-1.9561178784263902,-0.5620833778521315
0.9671943447399958,-1.2960748321228799,-0.5358267949789992
0.9688496048015005,-2.710206013546728,-0.5090414157503725
0.9705244915093498,-1.1921607225366535,-0.4817536741017151
0.97221901769846,-1.6185545431424768,-0.4539904997395484
0.9739331954284137,-1.8109566608690462,-0.42577929156507605
0.9756670359829851,-1.4064388664892356,-0.39714789063477934
0.9774205498696931,-0.9967687901789974,-0.3681245526846785
0.9791937468193874,-1.3559524624465031,-0.33873792024529376
0.9809866357858642,-3.0066375713892963,-0.3090169943749483
0.9827992249455124,-2.5774002849734576,-0.2789911060392286
0.9846315216969912,-2.063546997621443,-0.24868988716485602
0.9864835326609376,-1.5253718554250946,-0.2181432413965457
0.9883552636797054,-1.058498799575913,-0.1873813145857262
0.9902467198171342,-1.6110167924770258,-0.1564344650402309
0.99215790535835,-0.8514472895171974,-0.1253332335643062
0.9940888238095955,-1.1894788647813521,-0.0941083133185147
0.9960394778980919,-0.8642904561248691,-0.06279051952931217
0.9980098695719315,-1.0946631252375476,-0.031410759078129034
1.0,-0.5539399476665641,-2.6948419387607653e-15
1.0020098695719315,-0.5603442962412004,0.031410759078127196
1.004039477898092,-0.08814417745668612,0.06279051952931387
1.0060888238095955,1.3684341833340488,0.09410831331851287
1.00815790535835,0.39386801490424084,0.12533323356430087
1.0102467198171343,2.754999743487369,0.15643446504022906
1.0123552636797055,1.6650849523859097,0.1873813145857244
1.0144835326609376,1.6519281597684918,0.21814324139654043
1.0166315216969912,1.1736411828952997,0.24868988716485424
1.0187992249455124,2.2298400325774375,0.2789911060392302
1.0209866357858641,1.5567303368476404,0.30901699437494656
1.0231937468193875,2.0377803902445897,0.33873792024528865
1.025420549869693,3.532104179817819,0.36812455268467675
1.0276670359829851,1.938417517021753,0.3971478906347809
1.0299331954284137,2.6541384972287854,0.42577929156507116
1.03221901769846,1.480207177514775,0.45399049973954675
1.0345244915093499,1.7886610106338687,0.4817536741017135
1.0368496048015006,2.751136232385338,0.509041415750371
1.0391943447399958,1.1648462508789301,0.5358267949789947
1.0415586977150932,2.456563346655539,0.5620833778521299
1.043942649342761,1.6002216658582262,0.5877852522924738
1.0463461844652469,0.6260272826668778,0.6129070536529756
1.0487692871516745,1.1156937488026915,0.6374239897486873
1.0512119406986744,1.080912444105759,0.6613118653236507
1.053674127631043,0.6237524444589254,0.6845471059286887
1.0561558297024312,-0.9421348319342592,0.7071067811865462
1.058657027896066,-0.6869487726235277,0.7289686274214113
1.061177702425501,-0.6458909556605954,0.750111069630458
1.0637178327353973,-0.7809091628293793,0.7705132427757888
1.0662773975023352,-0.5911040896730059,0.7901550123756887
1.0688563746356556,-1.0689499040249877,0.8090169943749469
1.071454741278333,-2.170300827083442,0.8270805742745622
1.0740724738078766,-1.3129077749479938,0.8443279255020144
1.076709547837264,-1.3223044038337375,0.8607420270039438
1.0793659382159033,-1.4737798361734096,0.8763066800438628
1.0820416190306263,-1.253644597257534,0.8910065241883678
1.0847365636067114,-1.464221208728032,0.9048270524660187
1.0874507445089368,-1.720545409319481,0.9177546256839809
1.090184133542663,-2.0381528837317324,0.9297764858882506
1.0929367017549472,-2.9611510615669734,0.9408807689542252
1.0957084194356845,-1.6443421011107624,0.9510565162951528
1.0984992561187825,-1.6850414926341761,0.9602936856769427
1.1013091805833632,-1.525708548686804,0.9685831611286312
1.1041381608549952,-2.3070756310437717,0.9759167619387471
1.106986164206957,-2.0177281361023343,0.9822872507286887
1.1098531571615284,-0.5436787925852161,0.9876883405951374
1.1127391054913123,-0.9872404405174254,0.9921147013144778
1.1156439742205848,-0.3273486869457977,0.9955619646030798
1.1185677276266786,-0.4803887486514377,0.9980267284282716
1.1215103292413906,-0.23281278343118184,0.9995065603657315
1.1244717418524233,0.5629702835855908,1.0
1.1274519275048527,-0.05896036980181091,0.9995065603657315
1.1304508475026278,0.5550522404942893,0.9980267284282717
1.1334684624100977,0.4588839321463324,0.99556196460308
1.136504732053568,0.7028096117440293,0.9921147013144781
1.1395596155228873,0.990067230503762,0.9876883405951378
1.142633071173063,1.5023744748375931,0.982287250728689
1.1457250566259038,1.2537773125534897,0.9759167619387475
1.148835528771694,2.4421095263481325,0.9685831611286317
1.1519644437708947,1.272889723600334,0.9602936856769433
1.1551117570558742,1.789990046093485,0.9510565162951544
1.1582774233326694,1.7007358664928707,0.9408807689542259
1.161461396582771,2.8642401874687833,0.9297764858882512
1.1646636300649424,2.1139863227634885,0.9177546256839818
1.167884076317065,2.583681225138558,0.9048270524660195
1.1711226871580096,1.0107768087681286,0.8910065241883687
1.1743794136895414,1.9698842644535954,0.8763066800438637
1.1776542062982487,2.222434328378102,0.8607420270039448
1.1809470146575023,1.5903968791168364,0.8443279255020154
1.1842577877294416,2.008382436896582,0.8270805742745613
1.1875864737669903,0.8651974345247294,0.809016994374948
1.1909330203158985,1.8091158123147992,0.7901550123756922
1.1942973742168146,2.1155879795409165,0.7705132427757901
1.1976794816073821,0.27967663806591236,0.7501110696304594
1.2010792879243681,-0.016635045711840935,0.7289686274214127
1.2044967379058162,0.8720306862706215,0.7071067811865476
1.207931775593228,0.6970768203098354,0.6845471059286902
1.2113843443337724,-0.8110957906216668,0.6613118653236523
1.2148543867825234,-0.9883611956268522,0.6374239897486916
1.218341844904722,-1.132578113519729,0.6129070536529772
1.2218466599780682,-1.9822408112055174,0.5877852522924725
1.22536877259504,-1.9202853797478894,0.5620833778521316
1.2289081226652374,-2.143510945602821,0.5358267949789963
1.232464649417755,-2.1493343900665005,0.5090414157503726
1.2360382914035823,-1.8304650373641078,0.4817536741017152
1.2396289864980279,-1.76158419306839,0.45399049973954847
1.2432366719031738,-1.034274205768931,0.42577929156507294
1.2468612841503521,-2.5950658812998184,0.39714789063477945
1.250502759102654,-1.4054600177705934,0.3681245526846786
1.2541610319574583,-2.092967807992687,0.33873792024529387
1.2578360372489925,-1.9317912583817696,0.3090169943749484
1.2615277088509154,-1.404762409632075,0.2789911060392287
1.2652359799789288,-2.3622890639414154,0.24868988716485613
1.2689607831934144,-1.311580637841147,0.21814324139654234
1.2727020504020938,-1.2692228869295539,0.18738131458572635
1.276459712862719,-0.8800997461800577,0.156434465040231
1.280233701185786,-0.7900061618587544,0.12533323356430634
1.2840239453372737,0.7369309785771769,0.09410831331851482
1.287830374641408,-0.8800237648804907,0.06279051952931229
1.2916529177834528,-0.5692646401297059,0.03141075907812915
1.2954915028125262,-0.37388431585488113,2.8173066186755008e-15
1.299346057144439,-0.082619804367554,-0.03141075907812708
1.3032165075645616,0.11494749794580189,-0.06279051952931375
1.3071027802307142,1.4496590240338754,-0.09410831331851274
1.3110048006760824,1.8158098969973435,-0.12533323356430426
1.3149224938121546,0.8331227283352709,-0.15643446504023248
1.3188557839316906,0.869680867994838,-0.1873813145857243
1.3228045947117058,1.8238758193834093,-0.21814324139654032
1.3267688492164884,1.3573220244354445,-0.2486898871648541
1.330748469900633,2.1894131955853484,-0.2789911060392301
1.3347433786121052,2.0238668451010846,-0.3090169943749464
1.3387534965953247,1.0551280324590335,-0.33873792024528854
1.3427787444942763,2.924556577654579,-0.36812455268467664
1.346819042355639,3.073580060713856,-0.3971478906347808
1.350874309631948,1.5969012871667485,-0.42577929156507105
1.3549444651847702,1.669492096628717,-0.45399049973954664
1.3590294272879089,1.9811733393669773,-0.48175367410171654
1.36312911363063,1.8893299249962474,-0.5090414157503709
1.367243441320913,1.9361530491552894,-0.5358267949789945
1.3713723268887201,2.5752169351171923,-0.5620833778521299
1.3755156862892943,1.069402168088512,-0.5877852522924737
1.3796734349064765,0.4845290014803671,-0.6129070536529755
1.3838454875560462,-0.09134243143933662,-0.6374239897486873
1.3880317584890842,0.05882175036454301,-0.6613118653236534
1.3922321613953574,0.23079028340433025,-0.6845471059286887
1.396446609406726,1.0767347181106883,-0.7071067811865461
1.4006750151005756,-0.5612332465503085,-0.7289686274214113
1.4049172905032636,-0.36310700334638,-0.7501110696304604
1.4091733470935974,-0.7461028430130018,-0.7705132427757888
1.4134430958063255,-0.2504713841345614,-0.7901550123756887
1.4177264470356559,0.3405889509392337,-0.8090169943749468
1.4220233106387905,-1.6876154756095727,-0.8270805742745622
1.4263335959394876,-1.8346901510625044,-0.8443279255020143
1.4306572117316398,-1.0621593247625727,-0.860742027003942
1.4349940662828742,-1.4005192111562583,-0.8763066800438645
1.4393440673381739,-0.7940886371486866,-0.8910065241883678
1.4437071221235218,-1.614217590261796,-0.9048270524660186
1.4480831373495608,-2.2116287113287787,-0.9177546256839809
1.4524720192152778,-1.6416605584411572,-0.9297764858882518
1.4568736734117076,-1.299352353107634,-0.9408807689542251
1.461288005125655,-1.4098237238718958,-0.9510565162951526
1.4657149190434378,-1.5052896862676528,-0.9602936856769437
1.4701543193546498,-1.0486510372505364,-0.9685831611286312
1.4746061097559438,-0.8394491312841831,-0.975916761938747
1.4790701934548327,-0.5397988172348821,-0.982287250728688
1.4835464731735117,-0.7863445720311505,-0.987688340595138
1.488034851152697,-1.063778196393546,-0.9921147013144778
1.4925352291554874,-0.6482208935093797,-0.9955619646030798
1.497047508471241,0.22652560557529866,-0.9980267284282716
1.5015715899194704,-0.7408278697209434,-0.9995065603657316
1.5061073738537634,0.22120398532373187,-1.0
1.5106547601657119,0.014663179732167797,-0.9995065603657316
1.5152136482888663,0.5146266680906163,-0.9980267284282714
1.5197839372027044,1.5033202229337361,-0.99556196460308
1.5243655254366217,1.0781667890153597,-0.9921147013144781
1.5289583110739347,1.203432433478611,-0.9876883405951383
1.5335621917559061,0.5531805272694339,-0.9822872507286884
1.5381770646857849,1.9887786251679078,-0.9759167619387475
1.5428028266328653,2.0759463596886647,-0.9685831611286317
1.547439373936562,3.107606938915324,-0.9602936856769423
1.552086602510502,1.7174460916185084,-0.9510565162951534
1.556744407846633,2.0960646980557387,-0.9408807689542259
1.5614126850193522,2.1456836670829946,-0.9297764858882526
1.5660913286896454,2.942525424714627,-0.9177546256839804
1.5707802331092466,1.9073971820252063,-0.9048270524660196
1.5754792921248142,2.0695259480525157,-0.8910065241883688
1.5801883991821195,2.174392010761976,-0.8763066800438655
1.5849074473302547,1.80062132489784,-0.860742027003943
1.5896363292258542,1.2731663168212655,-0.8443279255020155
1.5943749371373337,1.4855482075963777,-0.8270805742745634
1.5991231629491425,1.8197495545007936,-0.809016994374946
1.6038808981660304,0.34759816855679104,-0.7901550123756901
1.608648033917334,0.8160309098574925,-0.7705132427757901
1.6134244609612707,0.07730728536623233,-0.7501110696304618
1.6182100696892563,0.9676944444835003,-0.7289686274214103
1.6230047501302267,-0.9139121428702628,-0.7071067811865477
1.6278083919549837,-0.586019575491544,-0.6845471059286903
1.632620884480549,-0.2710526492909649,-0.661311865323655
1.6374421166745339,0.2030653121712409,-0.637423989748689
1.6422719771595207,-1.0029575048472164,-0.6129070536529773
1.6471103542174637,-1.5086902206008463,-0.5877852522924755
1.651957135794097,-0.24039997019303638,-0.5620833778521287
1.656812209503358,-2.409834825801326,-0.5358267949789963
1.6616754626318253,-3.0079394249760725,-0.5090414157503728
1.6665467821431688,-1.5456454349000273,-0.48175367410171843
1.6714260546826099,-2.2033455672018776,-0.4539904997395454
1.6763131665813988,-2.5773141917358044,-0.42577929156507305
1.6812080038613015,-1.5710395884769301,-0.3971478906347828
1.6861104522390993,-1.849773028593826,-0.368124552684682
1.6910203971310998,-2.303021679899413,-0.33873792024529065
1.6959377236576612,-2.6702956717928465,-0.3090169943749485
1.7008623166477272,-1.2861797079639627,-0.2789911060392322
1.7057940606433748,-1.2985351442288249,-0.2486898871648528
1.7107328399043706,-1.600532003819208,-0.21814324139654245
1.7156785384127413,-0.2611120142287886,-0.18738131458572646
1.7206310398773539,-1.8176213643806625,-0.15643446504023464
1.7255902277385071,-1.8788224507582645,-0.12533323356430293
1.730555985172529,-1.1513939472981072,4.9058916866814855
1.7355281950963952,-0.5247313841430282,-0.06279051952931596
1.7405067401723473,-0.10466279753502938,-0.03141075907813283
1.7454915028125262,-0.144741634713793,6.12942380210265e-16
1.7504823651836128,0.4618997050371759,0.03141075907812695
1.7554792092114826,-0.25354388018458246,0.06279051952931008
1.7604819165858645,1.6025078678133253,0.09410831331851616
1.765490368765012,0.9142166411678886,0.12533323356430415
1.7705044469803852,1.8459480035378095,0.15643446504022884
1.775524032241337,1.5747294196839765,0.1873813145857207
1.7805490053398123,1.8150784170438548,0.21814324139654367
1.7855792468550518,2.030516219143349,0.248689887164854
1.790614637158309,2.0782792409424187,0.2789911060392266
1.7956550564175722,2.287746688510822,0.3090169943749429
1.8007003846022962,2.762066019536837,0.33873792024529176
1.8057505014881374,2.1139661586774245,0.36812455268467653
1.8108052866617041,2.4214557114096524,0.3971478906347774
1.8158646195253096,1.9107330848850388,0.42577929156507416
1.8209283793017288,2.7661833618599916,0.4539904997395465
1.8259964450389725,1.403818723696485,0.4817536741017133
1.831068695615059,2.7692201107505374,0.5090414157503677
1.8361450097427963,1.5169317151649675,0.5358267949789974
1.8412252659745696,0.5106291505865543,0.5620833778521298
1.8463093427071375,1.252433153531439,0.5877852522924707
1.8513971181864315,0.5548763537184866,0.6129070536529783
1.8564884705123619,1.2406352347625886,0.6374239897486899
1.861583277643633,0.10580538674828838,0.6613118653236506
1.8666814174025579,-0.0170435928002301,0.684547105928686
1.8717827674798844,-1.1337244385673304,0.7071067811865486
1.8768872054396215,-0.5220502586780507,0.7289686274214112
1.8819946087238737,-1.9517073703070646,0.7501110696304579
1.8871048546576807,-1.6865907994607572,0.7705132427757865
1.8922178204538587,-0.5072585545168575,0.7901550123756909
1.8973333832178476,-0.7040904093944392,0.8090169943749467
1.9024514199525646,-1.11381967478638,0.82708057427456
1.9075718075632595,-2.1212121714291166,0.8443279255020162
1.9126944228623701,-1.7172826646892183,0.8607420270039436
1.9178191425743925,-1.8118156283863736,0.8763066800438627
1.9229458433407425,-2.5971318461058233,0.8910065241883661
1.9280744017246283,-1.062535520397089,0.9048270524660201
1.933204694215921,-1.4696360825111399,0.9177546256839809
1.9383365972360336,-2.1286319611543427,0.9297764858882505
1.943469987142797,-1.948442998060666,0.9408807689542239
1.9486047402353432,-1.7770833478217742,0.9510565162951538
1.9537407327589875,-3.0346950259866183,0.9602936856769427
1.9588778409101149,-1.8369622805164028,0.9685831611286303
1.9640159408410673,-1.9502170343502483,0.9759167619387478
1.9691549086650328,-1.9700662177943276,0.9822872507286886
1.9742946204609357,-1.3442306803165327,0.9876883405951374
1.979434952278331,0.11510456790625434,0.9921147013144773
1.9845757801422959,-0.35174338860914195,0.9955619646030801
1.9897169800583234,-0.8400871681993944,0.9980267284282716
1.9948584280172201,0.09288320168506425,0.9995065603657315
